id;nombre_archivo;archivo;archivo_content_type;tipo_mime
1;distorted oh french;../fake-data/blob/hipster.png;image/png;gleefully
2;motionless huff fedora;../fake-data/blob/hipster.png;image/png;plugin
3;digitize forgo instantly;../fake-data/blob/hipster.png;image/png;snoopy traditionalism since
4;off stranger;../fake-data/blob/hipster.png;image/png;until pish nearly
5;brand boohoo whoa;../fake-data/blob/hipster.png;image/png;usually
6;dress;../fake-data/blob/hipster.png;image/png;whose bleakly unnecessarily
7;mid outset likewise;../fake-data/blob/hipster.png;image/png;unfortunately
8;where brr excitedly;../fake-data/blob/hipster.png;image/png;excitedly
9;fly for gosh;../fake-data/blob/hipster.png;image/png;till
10;edge but;../fake-data/blob/hipster.png;image/png;ha consequently hm
