id;titulo;contenido;fecha_publicacion
1;quizzically decent;../fake-data/blob/hipster.txt;2025-06-18T10:22:00
2;jubilantly outstanding within;../fake-data/blob/hipster.txt;2025-06-18T18:41:37
3;fooey reassuringly;../fake-data/blob/hipster.txt;2025-06-18T19:35:11
4;avaricious;../fake-data/blob/hipster.txt;2025-06-18T21:07:34
5;yet reporter patiently;../fake-data/blob/hipster.txt;2025-06-18T23:13:41
6;underneath hence slime;../fake-data/blob/hipster.txt;2025-06-18T09:28:24
7;yawningly vivaciously;../fake-data/blob/hipster.txt;2025-06-18T12:12:09
8;preheat paltry heartbeat;../fake-data/blob/hipster.txt;2025-06-18T04:33:56
9;squirm for;../fake-data/blob/hipster.txt;2025-06-18T18:21:17
10;wingX;../fake-data/blob/hipster.txt;2025-06-18T20:05:16
